arm	seed	bench_final	bench_auc	bench_hard	bench_recall	reward	thinks	agents	recruited	reflexes	days
baseline	1	1.000	0.987	0.923	1.000	0.694	5645	16	3	1140	2638
baseline	2	1.000	0.988	0.923	1.000	0.712	5723	16	3	1021	2753
baseline	3	1.000	0.987	0.923	1.000	0.689	5835	16	3	901	2734
baseline	4	1.000	0.987	0.923	1.000	0.720	5811	16	3	944	2753
baseline	5	1.000	0.987	0.923	1.000	0.705	5910	16	3	1012	2855
baseline	6	1.000	0.987	0.923	1.000	0.719	5700	16	3	1024	2688
baseline	7	1.000	0.987	0.923	1.000	0.747	5788	16	3	1154	2684
baseline	8	1.000	0.987	0.923	1.000	0.708	5898	16	3	965	2739
baseline	9	1.000	0.987	0.923	1.000	0.695	5890	16	3	1113	2748
baseline	10	1.000	0.988	0.923	1.000	0.678	5748	16	3	1181	2688
baseline	11	1.000	0.987	0.923	1.000	0.723	5756	16	3	907	2745
baseline	12	1.000	0.987	0.923	1.000	0.717	5756	16	3	903	2656
baseline	13	1.000	0.986	0.923	1.000	0.718	5720	16	3	1249	2653
baseline	14	1.000	0.987	0.923	1.000	0.703	5881	16	3	975	2647
baseline	15	1.000	0.988	0.923	1.000	0.684	5920	16	3	928	2845
baseline	16	1.000	0.987	0.923	1.000	0.710	5854	16	3	1115	2723
baseline	17	1.000	0.988	0.923	1.000	0.698	5783	16	3	971	2770
baseline	18	1.000	0.986	0.923	1.000	0.719	5885	16	3	948	2823
baseline	19	1.000	0.987	0.923	1.000	0.726	5775	16	3	888	2815
baseline	20	1.000	0.987	0.923	1.000	0.715	5782	16	3	995	2658
baseline	21	1.000	0.987	0.923	1.000	0.735	5893	16	3	977	2741
baseline	22	1.000	0.986	0.923	1.000	0.745	6016	16	3	1144	2795
baseline	23	1.000	0.987	0.923	1.000	0.705	5846	16	3	891	2757
baseline	24	1.000	0.988	0.923	1.000	0.668	5917	16	3	928	2750
baseline	25	1.000	0.987	0.923	1.000	0.739	5782	16	3	1150	2705
baseline	26	1.000	0.987	0.923	1.000	0.706	5887	16	3	873	2760
baseline	27	1.000	0.987	0.923	1.000	0.683	5607	16	3	986	2596
baseline	28	1.000	0.988	0.923	1.000	0.745	6030	16	3	872	2861
baseline	29	1.000	0.987	0.923	1.000	0.697	5784	16	3	956	2720
baseline	30	1.000	0.987	0.923	1.000	0.718	5734	16	3	1222	2624
baseline	31	1.000	0.987	0.923	1.000	0.683	5873	16	3	1017	2729
baseline	32	1.000	0.988	0.923	1.000	0.694	5817	16	3	993	2679
baseline	33	1.000	0.987	0.923	1.000	0.694	5882	16	3	905	2786
baseline	34	1.000	0.986	0.923	1.000	0.712	5847	16	3	916	2666
baseline	35	1.000	0.987	0.923	1.000	0.686	5837	16	3	1024	2812
baseline	36	1.000	0.987	0.923	1.000	0.729	5855	16	3	979	2725
baseline	37	1.000	0.987	0.923	1.000	0.689	5735	16	3	1116	2651
baseline	38	1.000	0.988	0.923	1.000	0.697	5950	16	3	1087	2892
baseline	39	1.000	0.986	0.923	1.000	0.752	5699	16	3	1109	2632
baseline	40	1.000	0.987	0.923	1.000	0.740	5578	16	3	1224	2641
baseline	41	1.000	0.987	0.923	1.000	0.699	5697	16	3	950	2782
baseline	42	1.000	0.987	0.923	1.000	0.709	5737	16	3	1071	2655
baseline	43	1.000	0.987	0.923	1.000	0.695	5918	16	3	859	2781
baseline	44	1.000	0.988	0.923	1.000	0.669	5722	16	3	1057	2601
baseline	45	1.000	0.987	0.923	1.000	0.703	5615	16	3	860	2651
baseline	46	1.000	0.987	0.923	1.000	0.675	5759	16	3	1059	2689
baseline	47	1.000	0.988	0.923	1.000	0.669	5941	16	3	928	2805
baseline	48	1.000	0.987	0.923	1.000	0.716	5809	16	3	1099	2787
baseline	49	1.000	0.987	0.923	1.000	0.698	5787	16	3	1176	2757
baseline	50	1.000	0.987	0.923	1.000	0.700	5732	16	3	944	2721
baseline	51	1.000	0.986	0.923	1.000	0.678	5728	16	3	954	2752
baseline	52	1.000	0.987	0.923	1.000	0.748	5859	16	3	915	2670
baseline	53	1.000	0.987	0.923	1.000	0.673	5930	16	3	890	2742
baseline	54	1.000	0.987	0.923	1.000	0.658	5752	16	3	986	2732
baseline	55	1.000	0.988	0.923	1.000	0.742	5871	16	3	904	2785
baseline	56	1.000	0.988	0.923	1.000	0.746	5660	16	3	998	2712
baseline	57	1.000	0.987	0.923	1.000	0.700	5647	16	3	1030	2614
baseline	58	1.000	0.987	0.923	1.000	0.788	5790	16	3	1029	2650
baseline	59	1.000	0.987	0.923	1.000	0.669	5805	16	3	1027	2730
baseline	60	1.000	0.986	0.923	1.000	0.701	5802	16	3	1117	2746
baseline	61	1.000	0.987	0.923	1.000	0.725	5704	16	3	1178	2741
baseline	62	1.000	0.988	0.923	1.000	0.714	5657	16	3	1158	2717
baseline	63	1.000	0.988	0.923	1.000	0.703	5717	16	3	1036	2519
baseline	64	1.000	0.987	0.923	1.000	0.719	5745	16	3	1078	2617
baseline	65	1.000	0.987	0.923	1.000	0.745	5956	16	3	938	2870
baseline	66	1.000	0.987	0.923	1.000	0.728	5937	16	3	974	2919
baseline	67	1.000	0.988	0.923	1.000	0.672	5767	16	3	976	2807
baseline	68	1.000	0.987	0.923	1.000	0.721	5810	16	3	998	2732
baseline	69	1.000	0.988	0.923	1.000	0.715	5750	16	3	1021	2712
baseline	70	1.000	0.987	0.923	1.000	0.710	5961	16	3	972	2823
baseline	71	1.000	0.988	0.923	1.000	0.760	5622	16	3	1197	2613
baseline	72	1.000	0.988	0.923	1.000	0.727	5597	16	3	1022	2670
baseline	73	1.000	0.987	0.923	1.000	0.693	5887	16	3	870	2745
baseline	74	1.000	0.987	0.923	1.000	0.721	5812	16	3	1038	2669
baseline	75	1.000	0.987	0.923	1.000	0.643	5844	16	3	1019	2761
baseline	76	1.000	0.988	0.923	1.000	0.688	5969	16	3	924	2775
baseline	77	1.000	0.987	0.923	1.000	0.699	5762	16	3	1026	2691
baseline	78	1.000	0.987	0.923	1.000	0.749	5839	16	3	917	2695
baseline	79	1.000	0.986	0.923	1.000	0.674	5931	16	3	966	2718
baseline	80	1.000	0.987	0.923	1.000	0.703	5760	16	3	1069	2635
baseline	81	1.000	0.987	0.923	1.000	0.698	5731	16	3	1020	2803
baseline	82	1.000	0.987	0.923	1.000	0.703	5722	16	3	971	2669
baseline	83	1.000	0.988	0.923	1.000	0.751	5825	16	3	1053	2734
baseline	84	1.000	0.988	0.923	1.000	0.734	5727	16	3	1074	2712
baseline	85	1.000	0.986	0.923	1.000	0.704	5893	16	3	823	2761
baseline	86	1.000	0.987	0.923	1.000	0.660	5850	16	3	1161	2747
baseline	87	1.000	0.987	0.923	1.000	0.728	5822	16	3	944	2684
baseline	88	1.000	0.987	0.923	1.000	0.727	5912	16	3	947	2718
baseline	89	1.000	0.986	0.923	1.000	0.677	5854	16	3	940	2820
baseline	90	1.000	0.986	0.923	1.000	0.691	5821	16	3	952	2736
baseline	91	1.000	0.986	0.923	1.000	0.714	5700	16	3	1103	2693
baseline	92	1.000	0.988	0.923	1.000	0.742	5769	16	3	1007	2697
baseline	93	1.000	0.988	0.923	1.000	0.682	5774	16	3	1010	2714
baseline	94	1.000	0.987	0.923	1.000	0.728	5901	16	3	980	2692
baseline	95	1.000	0.988	0.923	1.000	0.693	5863	16	3	924	2740
baseline	96	1.000	0.987	0.923	1.000	0.695	5627	16	3	1119	2633
baseline	97	1.000	0.988	0.923	1.000	0.722	5888	16	3	918	2768
baseline	98	1.000	0.988	0.923	1.000	0.694	5946	16	3	1010	2824
baseline	99	1.000	0.987	0.923	1.000	0.674	5846	16	3	991	2621
baseline	100	1.000	0.988	0.923	1.000	0.707	5640	16	3	1071	2706
no_growth	1	0.778	0.777	0.731	1.000	0.507	9089	13	0	930	3075
no_growth	2	0.778	0.777	0.731	1.000	0.496	8915	13	0	1016	3010
no_growth	3	0.778	0.777	0.731	1.000	0.518	9191	13	0	867	3035
no_growth	4	0.778	0.777	0.731	1.000	0.523	9224	13	0	975	3046
no_growth	5	0.778	0.777	0.731	1.000	0.488	9053	13	0	1055	3023
no_growth	6	0.778	0.777	0.731	1.000	0.482	9158	13	0	985	2983
no_growth	7	0.778	0.777	0.731	1.000	0.538	9253	13	0	1110	3007
no_growth	8	0.778	0.777	0.731	1.000	0.511	9268	13	0	997	3026
no_growth	9	0.778	0.777	0.731	1.000	0.524	9377	13	0	972	3036
no_growth	10	0.778	0.777	0.731	1.000	0.443	8956	13	0	929	3046
no_growth	11	0.778	0.777	0.731	1.000	0.505	9125	13	0	849	3045
no_growth	12	0.778	0.777	0.731	1.000	0.557	9113	13	0	866	3021
no_growth	13	0.778	0.777	0.731	1.000	0.533	9054	13	0	1103	3020
no_growth	14	0.778	0.777	0.731	1.000	0.486	9172	13	0	1008	3014
no_growth	15	0.778	0.777	0.731	1.000	0.464	9122	13	0	1064	3016
no_growth	16	0.778	0.777	0.731	1.000	0.505	9129	13	0	1105	2996
no_growth	17	0.778	0.777	0.731	1.000	0.529	8894	13	0	1078	2968
no_growth	18	0.778	0.777	0.731	1.000	0.488	9019	13	0	1033	3018
no_growth	19	0.778	0.777	0.731	1.000	0.503	9050	13	0	886	3039
no_growth	20	0.778	0.777	0.731	1.000	0.547	9034	13	0	937	2993
no_growth	21	0.778	0.777	0.731	1.000	0.520	9202	13	0	864	3025
no_growth	22	0.778	0.777	0.731	1.000	0.531	9263	13	0	804	3117
no_growth	23	0.778	0.777	0.731	1.000	0.503	9035	13	0	1051	2944
no_growth	24	0.778	0.777	0.731	1.000	0.470	9058	13	0	1056	2984
no_growth	25	0.778	0.777	0.731	1.000	0.498	8998	13	0	963	3022
no_growth	26	0.778	0.777	0.731	1.000	0.496	9063	13	0	908	3034
no_growth	27	0.778	0.777	0.731	1.000	0.480	8968	13	0	891	3016
no_growth	28	0.778	0.777	0.731	1.000	0.518	9109	13	0	967	3013
no_growth	29	0.778	0.777	0.731	1.000	0.510	8977	13	0	963	3048
no_growth	30	0.778	0.777	0.731	1.000	0.529	9206	13	0	837	3063
no_growth	31	0.778	0.777	0.731	1.000	0.469	9075	13	0	999	3026
no_growth	32	0.778	0.777	0.731	1.000	0.493	9119	13	0	1045	3004
no_growth	33	0.778	0.777	0.731	1.000	0.481	9202	13	0	911	3057
no_growth	34	0.778	0.777	0.731	1.000	0.502	9156	13	0	961	2997
no_growth	35	0.778	0.777	0.731	1.000	0.472	8938	13	0	1160	2961
no_growth	36	0.778	0.777	0.731	1.000	0.492	9174	13	0	972	3037
no_growth	37	0.778	0.777	0.731	1.000	0.497	9025	13	0	1046	3003
no_growth	38	0.778	0.777	0.731	1.000	0.481	9113	13	0	1033	3024
no_growth	39	0.778	0.777	0.731	1.000	0.495	9019	13	0	866	3043
no_growth	40	0.778	0.777	0.731	1.000	0.528	8957	13	0	999	3033
no_growth	41	0.778	0.777	0.731	1.000	0.490	9127	13	0	1138	3026
no_growth	42	0.778	0.777	0.731	1.000	0.521	8905	13	0	985	3003
no_growth	43	0.778	0.777	0.731	1.000	0.483	9138	13	0	809	3022
no_growth	44	0.778	0.777	0.731	1.000	0.471	9340	13	0	838	3012
no_growth	45	0.778	0.777	0.731	1.000	0.504	9029	13	0	944	2977
no_growth	46	0.778	0.777	0.731	1.000	0.491	9137	13	0	986	3043
no_growth	47	0.778	0.777	0.731	1.000	0.485	9197	13	0	1082	2992
no_growth	48	0.778	0.777	0.731	1.000	0.517	9002	13	0	1087	3000
no_growth	49	0.778	0.777	0.731	1.000	0.530	9223	13	0	979	3032
no_growth	50	0.778	0.777	0.731	1.000	0.522	9037	13	0	999	2989
no_growth	51	0.778	0.777	0.731	1.000	0.498	9121	13	0	894	3011
no_growth	52	0.778	0.777	0.731	1.000	0.533	9307	13	0	929	3002
no_growth	53	0.778	0.777	0.731	1.000	0.498	9039	13	0	1054	2975
no_growth	54	0.778	0.777	0.731	1.000	0.433	9247	13	0	764	3040
no_growth	55	0.778	0.777	0.731	1.000	0.505	9141	13	0	967	3043
no_growth	56	0.778	0.777	0.731	1.000	0.532	8917	13	0	996	3014
no_growth	57	0.778	0.777	0.731	1.000	0.540	9050	13	0	834	2994
no_growth	58	0.778	0.777	0.731	1.000	0.532	9228	13	0	936	3001
no_growth	59	0.778	0.777	0.731	1.000	0.471	9041	13	0	841	3082
no_growth	60	0.778	0.777	0.731	1.000	0.513	9200	13	0	1153	3039
no_growth	61	0.778	0.777	0.731	1.000	0.509	9015	13	0	926	3038
no_growth	62	0.778	0.777	0.731	1.000	0.487	8996	13	0	935	3020
no_growth	63	0.778	0.777	0.731	1.000	0.518	9131	13	0	913	3008
no_growth	64	0.778	0.777	0.731	1.000	0.501	9352	13	0	849	3020
no_growth	65	0.778	0.777	0.731	1.000	0.546	9104	13	0	1034	3016
no_growth	66	0.778	0.777	0.731	1.000	0.483	9137	13	0	1138	3014
no_growth	67	0.778	0.777	0.731	1.000	0.513	8953	13	0	1096	2983
no_growth	68	0.778	0.777	0.731	1.000	0.508	9100	13	0	1158	2994
no_growth	69	0.778	0.777	0.731	1.000	0.504	9108	13	0	908	3072
no_growth	70	0.778	0.777	0.731	1.000	0.497	9207	13	0	1058	3047
no_growth	71	0.778	0.777	0.731	1.000	0.499	9035	13	0	1042	2979
no_growth	72	0.778	0.777	0.731	1.000	0.493	9011	13	0	976	3022
no_growth	73	0.778	0.777	0.731	1.000	0.525	8975	13	0	1029	2989
no_growth	74	0.778	0.777	0.731	1.000	0.496	9117	13	0	936	3008
no_growth	75	0.778	0.777	0.731	1.000	0.468	8971	13	0	1036	3014
no_growth	76	0.778	0.777	0.731	1.000	0.499	9158	13	0	884	3048
no_growth	77	0.778	0.777	0.731	1.000	0.523	9070	13	0	876	3032
no_growth	78	0.778	0.777	0.731	1.000	0.515	9073	13	0	1022	2980
no_growth	79	0.778	0.777	0.731	1.000	0.487	9080	13	0	1060	3012
no_growth	80	0.778	0.777	0.731	1.000	0.513	9211	13	0	808	3077
no_growth	81	0.778	0.777	0.731	1.000	0.455	9267	13	0	764	3051
no_growth	82	0.778	0.777	0.731	1.000	0.512	9029	13	0	1014	3004
no_growth	83	0.778	0.777	0.731	1.000	0.540	8876	13	0	1126	2989
no_growth	84	0.778	0.777	0.731	1.000	0.535	9279	13	0	718	3058
no_growth	85	0.778	0.777	0.731	1.000	0.517	9088	13	0	1038	2972
no_growth	86	0.778	0.777	0.731	1.000	0.453	9255	13	0	986	3036
no_growth	87	0.778	0.777	0.731	1.000	0.562	8998	13	0	954	2980
no_growth	88	0.778	0.777	0.731	1.000	0.501	9245	13	0	936	3004
no_growth	89	0.778	0.777	0.731	1.000	0.471	8984	13	0	987	3039
no_growth	90	0.778	0.777	0.731	1.000	0.499	8947	13	0	1163	2970
no_growth	91	0.778	0.777	0.731	1.000	0.494	9078	13	0	1088	3012
no_growth	92	0.778	0.777	0.731	1.000	0.514	8962	13	0	1156	2972
no_growth	93	0.778	0.777	0.731	1.000	0.529	9132	13	0	975	3023
no_growth	94	0.778	0.777	0.731	1.000	0.496	9327	13	0	843	3064
no_growth	95	0.778	0.777	0.731	1.000	0.535	9083	13	0	1082	2993
no_growth	96	0.778	0.777	0.731	1.000	0.475	9152	13	0	944	3026
no_growth	97	0.778	0.777	0.731	1.000	0.509	9392	13	0	863	3025
no_growth	98	0.778	0.777	0.731	1.000	0.468	9200	13	0	916	3055
no_growth	99	0.778	0.777	0.731	1.000	0.453	9047	13	0	1044	3021
no_growth	100	0.778	0.777	0.731	1.000	0.512	8884	13	0	1015	3028
no_gatekeeper	1	1.000	0.987	0.923	1.000	0.654	7251	16	3	0	3170
no_gatekeeper	2	1.000	0.988	0.923	1.000	0.671	7208	16	3	0	3159
no_gatekeeper	3	1.000	0.987	0.923	1.000	0.676	7189	16	3	0	3137
no_gatekeeper	4	1.000	0.987	0.923	1.000	0.691	7259	16	3	0	3151
no_gatekeeper	5	1.000	0.987	0.923	1.000	0.700	7352	16	3	0	3241
no_gatekeeper	6	1.000	0.988	0.923	1.000	0.714	7233	16	3	0	3107
no_gatekeeper	7	1.000	0.987	0.923	1.000	0.726	7345	16	3	0	3191
no_gatekeeper	8	1.000	0.987	0.923	1.000	0.687	7312	16	3	0	3165
no_gatekeeper	9	1.000	0.987	0.923	1.000	0.649	7414	16	3	0	3180
no_gatekeeper	10	1.000	0.988	0.923	1.000	0.654	7259	16	3	0	3175
no_gatekeeper	11	1.000	0.987	0.923	1.000	0.690	7169	16	3	0	3091
no_gatekeeper	12	1.000	0.987	0.923	1.000	0.692	7108	16	3	0	3067
no_gatekeeper	13	1.000	0.986	0.923	1.000	0.636	7277	16	3	0	3192
no_gatekeeper	14	1.000	0.987	0.923	1.000	0.675	7354	16	3	0	3124
no_gatekeeper	15	1.000	0.988	0.923	1.000	0.634	7299	16	3	0	3229
no_gatekeeper	16	1.000	0.987	0.923	1.000	0.688	7405	16	3	0	3181
no_gatekeeper	17	1.000	0.988	0.923	1.000	0.668	7195	16	3	0	3127
no_gatekeeper	18	1.000	0.986	0.923	1.000	0.689	7283	16	3	0	3223
no_gatekeeper	19	1.000	0.987	0.923	1.000	0.690	7134	16	3	0	3177
no_gatekeeper	20	1.000	0.987	0.923	1.000	0.656	7244	16	3	0	3148
no_gatekeeper	21	1.000	0.987	0.923	1.000	0.724	7250	16	3	0	3142
no_gatekeeper	22	1.000	0.986	0.923	1.000	0.724	7305	16	3	0	3240
no_gatekeeper	23	1.000	0.987	0.923	1.000	0.657	7236	16	3	0	3154
no_gatekeeper	24	1.000	0.988	0.923	1.000	0.632	7308	16	3	0	3166
no_gatekeeper	25	1.000	0.987	0.923	1.000	0.701	7165	16	3	0	3217
no_gatekeeper	26	1.000	0.987	0.923	1.000	0.691	7241	16	3	0	3145
no_gatekeeper	27	1.000	0.987	0.923	1.000	0.662	7036	16	3	0	3080
no_gatekeeper	28	1.000	0.988	0.923	1.000	0.710	7311	16	3	0	3232
no_gatekeeper	29	1.000	0.987	0.923	1.000	0.663	7203	16	3	0	3147
no_gatekeeper	30	1.000	0.987	0.923	1.000	0.688	7301	16	3	0	3230
no_gatekeeper	31	1.000	0.987	0.923	1.000	0.664	7300	16	3	0	3132
no_gatekeeper	32	1.000	0.988	0.923	1.000	0.659	7226	16	3	0	3136
no_gatekeeper	33	1.000	0.987	0.923	1.000	0.659	7233	16	3	0	3155
no_gatekeeper	34	1.000	0.986	0.923	1.000	0.669	7247	16	3	0	3084
no_gatekeeper	35	1.000	0.987	0.923	1.000	0.654	7342	16	3	0	3192
no_gatekeeper	36	1.000	0.987	0.923	1.000	0.719	7293	16	3	0	3107
no_gatekeeper	37	1.000	0.987	0.923	1.000	0.675	7236	16	3	0	3194
no_gatekeeper	38	1.000	0.988	0.923	1.000	0.672	7396	16	3	0	3308
no_gatekeeper	39	1.000	0.987	0.923	1.000	0.714	7251	16	3	0	3142
no_gatekeeper	40	1.000	0.987	0.923	1.000	0.694	7283	16	3	0	3215
no_gatekeeper	41	1.000	0.987	0.923	1.000	0.655	7194	16	3	0	3197
no_gatekeeper	42	1.000	0.987	0.923	1.000	0.671	7282	16	3	0	3185
no_gatekeeper	43	1.000	0.987	0.923	1.000	0.662	7296	16	3	0	3124
no_gatekeeper	44	1.000	0.988	0.923	1.000	0.600	7183	16	3	0	3082
no_gatekeeper	45	1.000	0.987	0.923	1.000	0.676	7001	16	3	0	2980
no_gatekeeper	46	1.000	0.987	0.923	1.000	0.655	7304	16	3	0	3172
no_gatekeeper	47	1.000	0.987	0.923	1.000	0.642	7261	16	3	0	3166
no_gatekeeper	48	1.000	0.987	0.923	1.000	0.683	7110	16	3	0	3166
no_gatekeeper	49	1.000	0.987	0.923	1.000	0.688	7214	16	3	0	3203
no_gatekeeper	50	1.000	0.986	0.923	1.000	0.640	7078	16	3	0	3096
no_gatekeeper	51	1.000	0.986	0.923	1.000	0.660	7163	16	3	0	3090
no_gatekeeper	52	1.000	0.987	0.923	1.000	0.731	7283	16	3	0	3084
no_gatekeeper	53	1.000	0.987	0.923	1.000	0.661	7223	16	3	0	3117
no_gatekeeper	54	1.000	0.987	0.923	1.000	0.632	7256	16	3	0	3163
no_gatekeeper	55	1.000	0.988	0.923	1.000	0.729	7235	16	3	0	3147
no_gatekeeper	56	1.000	0.988	0.923	1.000	0.731	7216	16	3	0	3162
no_gatekeeper	57	1.000	0.988	0.923	1.000	0.697	7053	16	3	0	3059
no_gatekeeper	58	1.000	0.987	0.923	1.000	0.729	7222	16	3	0	3140
no_gatekeeper	59	1.000	0.987	0.923	1.000	0.644	7323	16	3	0	3179
no_gatekeeper	60	1.000	0.986	0.923	1.000	0.680	7349	16	3	0	3254
no_gatekeeper	61	1.000	0.987	0.923	1.000	0.709	7198	16	3	0	3187
no_gatekeeper	62	1.000	0.987	0.923	1.000	0.687	7191	16	3	0	3158
no_gatekeeper	63	1.000	0.988	0.923	1.000	0.678	7270	16	3	0	3012
no_gatekeeper	64	1.000	0.987	0.923	1.000	0.698	7320	16	3	0	3092
no_gatekeeper	65	1.000	0.987	0.923	1.000	0.725	7312	16	3	0	3235
no_gatekeeper	66	1.000	0.988	0.923	1.000	0.721	7336	16	3	0	3267
no_gatekeeper	67	1.000	0.988	0.923	1.000	0.592	7256	16	3	0	3215
no_gatekeeper	68	1.000	0.987	0.923	1.000	0.676	7266	16	3	0	3155
no_gatekeeper	69	1.000	0.988	0.923	1.000	0.711	7267	16	3	0	3182
no_gatekeeper	70	1.000	0.987	0.923	1.000	0.655	7312	16	3	0	3207
no_gatekeeper	71	1.000	0.988	0.923	1.000	0.695	7189	16	3	0	3155
no_gatekeeper	72	1.000	0.988	0.923	1.000	0.678	7082	16	3	0	3127
no_gatekeeper	73	1.000	0.987	0.923	1.000	0.673	7274	16	3	0	3104
no_gatekeeper	74	1.000	0.987	0.923	1.000	0.704	7336	16	3	0	3120
no_gatekeeper	75	1.000	0.986	0.923	1.000	0.598	7281	16	3	0	3199
no_gatekeeper	76	1.000	0.988	0.923	1.000	0.678	7313	16	3	0	3151
no_gatekeeper	77	1.000	0.987	0.923	1.000	0.699	7133	16	3	0	3102
no_gatekeeper	78	1.000	0.988	0.923	1.000	0.698	7219	16	3	0	3142
no_gatekeeper	79	1.000	0.986	0.923	1.000	0.648	7356	16	3	0	3134
no_gatekeeper	80	1.000	0.987	0.923	1.000	0.679	7232	16	3	0	3088
no_gatekeeper	81	1.000	0.987	0.923	1.000	0.638	7270	16	3	0	3206
no_gatekeeper	82	1.000	0.987	0.923	1.000	0.705	7156	16	3	0	3117
no_gatekeeper	83	1.000	0.988	0.923	1.000	0.712	7366	16	3	0	3216
no_gatekeeper	84	1.000	0.988	0.923	1.000	0.717	7243	16	3	0	3115
no_gatekeeper	85	1.000	0.987	0.923	1.000	0.678	7221	16	3	0	3055
no_gatekeeper	86	1.000	0.987	0.923	1.000	0.603	7305	16	3	0	3220
no_gatekeeper	87	1.000	0.987	0.923	1.000	0.716	7191	16	3	0	3137
no_gatekeeper	88	1.000	0.987	0.923	1.000	0.691	7392	16	3	0	3142
no_gatekeeper	89	1.000	0.986	0.923	1.000	0.645	7280	16	3	0	3186
no_gatekeeper	90	1.000	0.987	0.923	1.000	0.663	7263	16	3	0	3154
no_gatekeeper	91	1.000	0.986	0.923	1.000	0.676	7215	16	3	0	3117
no_gatekeeper	92	1.000	0.988	0.923	1.000	0.698	7159	16	3	0	3120
no_gatekeeper	93	1.000	0.988	0.923	1.000	0.626	7306	16	3	0	3120
no_gatekeeper	94	1.000	0.987	0.923	1.000	0.687	7355	16	3	0	3142
no_gatekeeper	95	1.000	0.988	0.923	1.000	0.653	7295	16	3	0	3140
no_gatekeeper	96	1.000	0.987	0.923	1.000	0.652	7168	16	3	0	3112
no_gatekeeper	97	1.000	0.988	0.923	1.000	0.685	7309	16	3	0	3172
no_gatekeeper	98	1.000	0.988	0.923	1.000	0.666	7343	16	3	0	3233
no_gatekeeper	99	1.000	0.987	0.923	1.000	0.637	7325	16	3	0	3165
no_gatekeeper	100	1.000	0.988	0.923	1.000	0.665	7155	16	3	0	3204
no_thinking	1	1.000	0.986	0.923	1.000	0.722	0	16	3	684	2454
no_thinking	2	1.000	0.988	0.923	1.000	0.738	0	16	3	599	2401
no_thinking	3	1.000	0.987	0.923	1.000	0.713	0	16	3	702	2348
no_thinking	4	1.000	0.987	0.923	1.000	0.739	0	16	3	799	2355
no_thinking	5	1.000	0.988	0.923	1.000	0.764	0	16	3	603	2453
no_thinking	6	1.000	0.988	0.923	1.000	0.766	0	16	3	701	2401
no_thinking	7	1.000	0.987	0.923	1.000	0.777	0	16	3	670	2440
no_thinking	8	1.000	0.987	0.923	1.000	0.750	0	16	3	671	2397
no_thinking	9	1.000	0.987	0.923	1.000	0.710	0	16	3	651	2443
no_thinking	10	1.000	0.987	0.923	1.000	0.707	0	16	3	609	2495
no_thinking	11	1.000	0.987	0.923	1.000	0.766	0	16	3	644	2336
no_thinking	12	1.000	0.987	0.923	1.000	0.766	0	16	3	611	2358
no_thinking	13	1.000	0.987	0.923	1.000	0.726	0	16	3	836	2483
no_thinking	14	1.000	0.987	0.923	1.000	0.750	0	16	3	670	2346
no_thinking	15	1.000	0.988	0.923	1.000	0.736	0	16	3	637	2474
no_thinking	16	1.000	0.987	0.923	1.000	0.737	0	16	3	854	2330
no_thinking	17	1.000	0.988	0.923	1.000	0.734	0	16	3	660	2282
no_thinking	18	1.000	0.986	0.923	1.000	0.731	0	16	3	696	2555
no_thinking	19	1.000	0.987	0.923	1.000	0.755	0	16	3	717	2525
no_thinking	20	1.000	0.987	0.923	1.000	0.726	0	16	3	597	2445
no_thinking	21	1.000	0.987	0.923	1.000	0.769	0	16	3	561	2401
no_thinking	22	1.000	0.986	0.923	1.000	0.775	0	16	3	655	2450
no_thinking	23	1.000	0.987	0.923	1.000	0.713	0	16	3	596	2428
no_thinking	24	1.000	0.987	0.923	1.000	0.702	0	16	3	669	2409
no_thinking	25	1.000	0.987	0.923	1.000	0.748	0	16	3	662	2506
no_thinking	26	1.000	0.988	0.923	1.000	0.749	0	16	3	683	2344
no_thinking	27	1.000	0.987	0.923	1.000	0.730	0	16	3	839	2268
no_thinking	28	1.000	0.987	0.923	1.000	0.763	0	16	3	674	2376
no_thinking	29	1.000	0.987	0.923	1.000	0.730	0	16	3	776	2378
no_thinking	30	1.000	0.987	0.923	1.000	0.738	0	16	3	846	2279
no_thinking	31	1.000	0.987	0.923	1.000	0.724	0	16	3	709	2375
no_thinking	32	1.000	0.988	0.923	1.000	0.746	0	16	3	635	2297
no_thinking	33	1.000	0.987	0.923	1.000	0.732	0	16	3	610	2448
no_thinking	34	1.000	0.986	0.923	1.000	0.749	0	16	3	575	2391
no_thinking	35	1.000	0.987	0.923	1.000	0.752	0	16	3	664	2467
no_thinking	36	1.000	0.987	0.923	1.000	0.763	0	16	3	710	2330
no_thinking	37	1.000	0.986	0.923	1.000	0.712	0	16	3	709	2515
no_thinking	38	1.000	0.988	0.923	1.000	0.699	0	16	3	671	2515
no_thinking	39	1.000	0.986	0.923	1.000	0.753	0	16	3	703	2457
no_thinking	40	1.000	0.987	0.923	1.000	0.774	0	16	3	750	2372
no_thinking	41	1.000	0.988	0.923	1.000	0.754	0	16	3	735	2377
no_thinking	42	1.000	0.987	0.923	1.000	0.733	0	16	3	735	2434
no_thinking	43	1.000	0.987	0.923	1.000	0.703	0	16	3	684	2455
no_thinking	44	1.000	0.988	0.923	1.000	0.664	0	16	3	653	2346
no_thinking	45	1.000	0.987	0.923	1.000	0.743	0	16	3	605	2177
no_thinking	46	1.000	0.987	0.923	1.000	0.708	0	16	3	706	2398
no_thinking	47	1.000	0.987	0.923	1.000	0.696	0	16	3	775	2384
no_thinking	48	1.000	0.987	0.923	1.000	0.770	0	16	3	724	2327
no_thinking	49	1.000	0.987	0.923	1.000	0.740	0	16	3	649	2494
no_thinking	50	1.000	0.986	0.923	1.000	0.720	0	16	3	703	2381
no_thinking	51	1.000	0.986	0.923	1.000	0.723	0	16	3	678	2336
no_thinking	52	1.000	0.987	0.923	1.000	0.772	0	16	3	851	2220
no_thinking	53	1.000	0.986	0.923	1.000	0.716	0	16	3	605	2414
no_thinking	54	1.000	0.987	0.923	1.000	0.696	0	16	3	634	2405
no_thinking	55	1.000	0.988	0.923	1.000	0.792	0	16	3	822	2369
no_thinking	56	1.000	0.988	0.923	1.000	0.777	0	16	3	754	2354
no_thinking	57	1.000	0.987	0.923	1.000	0.757	0	16	3	654	2359
no_thinking	58	1.000	0.988	0.923	1.000	0.781	0	16	3	608	2461
no_thinking	59	1.000	0.987	0.923	1.000	0.729	0	16	3	724	2335
no_thinking	60	1.000	0.986	0.923	1.000	0.744	0	16	3	687	2462
no_thinking	61	1.000	0.987	0.923	1.000	0.726	0	16	3	687	2485
no_thinking	62	1.000	0.988	0.923	1.000	0.767	0	16	3	693	2441
no_thinking	63	1.000	0.987	0.923	1.000	0.729	0	16	3	566	2316
no_thinking	64	1.000	0.987	0.923	1.000	0.755	0	16	3	708	2258
no_thinking	65	1.000	0.987	0.923	1.000	0.771	0	16	3	732	2394
no_thinking	66	1.000	0.988	0.923	1.000	0.749	0	16	3	691	2423
no_thinking	67	1.000	0.987	0.923	1.000	0.670	0	16	3	658	2506
no_thinking	68	1.000	0.987	0.923	1.000	0.740	0	16	3	814	2351
no_thinking	69	1.000	0.988	0.923	1.000	0.794	0	16	3	695	2373
no_thinking	70	1.000	0.987	0.923	1.000	0.711	0	16	3	641	2457
no_thinking	71	1.000	0.987	0.923	1.000	0.749	0	16	3	700	2419
no_thinking	72	1.000	0.988	0.923	1.000	0.733	0	16	3	645	2454
no_thinking	73	1.000	0.987	0.923	1.000	0.729	0	16	3	711	2400
no_thinking	74	1.000	0.987	0.923	1.000	0.741	0	16	3	628	2493
no_thinking	75	1.000	0.986	0.923	1.000	0.718	0	16	3	819	2305
no_thinking	76	1.000	0.988	0.923	1.000	0.707	0	16	3	742	2507
no_thinking	77	1.000	0.987	0.923	1.000	0.752	0	16	3	655	2337
no_thinking	78	1.000	0.987	0.923	1.000	0.749	0	16	3	668	2524
no_thinking	79	1.000	0.986	0.923	1.000	0.693	0	16	3	692	2383
no_thinking	80	1.000	0.988	0.923	1.000	0.698	0	16	3	683	2453
no_thinking	81	1.000	0.988	0.923	1.000	0.716	0	16	3	811	2296
no_thinking	82	1.000	0.988	0.923	1.000	0.775	0	16	3	641	2336
no_thinking	83	1.000	0.988	0.923	1.000	0.757	0	16	3	625	2449
no_thinking	84	1.000	0.988	0.923	1.000	0.743	0	16	3	563	2381
no_thinking	85	1.000	0.988	0.923	1.000	0.745	0	16	3	605	2329
no_thinking	86	1.000	0.987	0.923	1.000	0.690	0	16	3	781	2477
no_thinking	87	1.000	0.987	0.923	1.000	0.794	0	16	3	775	2264
no_thinking	88	1.000	0.987	0.923	1.000	0.762	0	16	3	606	2540
no_thinking	89	1.000	0.986	0.923	1.000	0.708	0	16	3	682	2413
no_thinking	90	1.000	0.987	0.923	1.000	0.724	0	16	3	680	2497
no_thinking	91	1.000	0.986	0.923	1.000	0.744	0	16	3	622	2362
no_thinking	92	1.000	0.988	0.923	1.000	0.752	0	16	3	689	2312
no_thinking	93	1.000	0.988	0.923	1.000	0.695	0	16	3	634	2470
no_thinking	94	1.000	0.987	0.923	1.000	0.762	0	16	3	789	2319
no_thinking	95	1.000	0.988	0.923	1.000	0.693	0	16	3	633	2367
no_thinking	96	1.000	0.987	0.923	1.000	0.713	0	16	3	713	2374
no_thinking	97	1.000	0.988	0.923	1.000	0.779	0	16	3	658	2458
no_thinking	98	1.000	0.988	0.923	1.000	0.732	0	16	3	722	2469
no_thinking	99	1.000	0.988	0.923	1.000	0.697	0	16	3	713	2491
no_thinking	100	1.000	0.988	0.923	1.000	0.730	0	16	3	570	2415
